{
  "hyperparams": {},
  "val_acc": [],
  "val_loss": [],
  "train_acc": [
    81.94333333333333,
    86.62
  ],
  "train_loss": [
    0.8437476857503255,
    0.48930432027168574
  ]
}